{
  "workload" : "0B rate 4 producers and 4 consumers on 1 topic / 1 partition",
  "driver" : "Kafka-exactly-once",
  "messageSize" : 1536,
  "topics" : 1,
  "partitions" : 1,
  "producersPerTopic" : 4,
  "consumersPerTopic" : 4,
  "publishRate" : [ 29075.73685747819, 13533.15142807078, 16886.73787076984, 21462.71759981921, 24481.702658086142, 26164.79715652724, 26795.24920995803, 25589.611399800713, 26636.782238674838, 21996.52619721767, 25616.79665202596, 25905.98828228795, 22198.367467575357, 25219.56246739976, 23316.17020836524, 22605.391097952324, 24142.48926768332, 21679.14753725771, 26399.743601317747, 22783.13742608803, 22646.35004094073, 29033.67954919001, 22321.73231705829, 18479.903106017588, 26345.162251529975, 23092.755881618432, 27717.04384149281, 25317.3730273463 ],
  "publishErrorRate" : [ 0.0, 0.0, 0.0, 0.0, 0.0, 0.0, 0.0, 0.0, 0.0, 0.0, 0.0, 0.0, 0.0, 0.0, 0.0, 0.0, 0.0, 0.0, 0.0, 0.0, 0.0, 0.0, 0.0, 0.0, 0.0, 0.0, 0.0, 0.0 ],
  "consumeRate" : [ 29044.108010685417, 13593.852995144378, 16908.41311433114, 21256.449014178506, 24607.24606128651, 26102.20590589988, 26840.979399367257, 25605.514379664506, 26884.761042878203, 21810.28256914292, 25555.770632869197, 25844.28438894589, 22382.635934048332, 25098.205284590622, 23316.53610430957, 22763.756240120878, 24195.9767321123, 21467.688158809342, 26462.274916404313, 22910.065068672502, 22524.186184905167, 28912.011452340063, 22635.96344867523, 18354.238400378952, 26283.894857026848, 23039.145036297978, 27769.60512375528, 25192.656450985596 ],
  "backlog" : [ 2712, 2031, 1792, 4068, 2709, 3390, 2888, 2712, 0, 2034, 2712, 3390, 1388, 2712, 2708, 974, 394, 2712, 2034, 678, 2034, 3386, 0, 1363, 2034, 2620, 2034, 3390 ],
  "publishLatencyAvg" : [ 2165.7152112525528, 4493.51174361553, 2819.7038107755566, 475.7624721345863, 2521.1425530919355, 2856.81002611981, 3001.7145947923286, 3252.3602861127883, 965.9556044124664, 1604.0075011156068, 725.5610831860522, 1049.4007170073141, 2475.417581589802, 1826.1722343594188, 2644.2623629826603, 415.1040242571157, 432.0452793275603, 452.08858493551304, 658.8154531111895, 2332.446731608312, 3214.4578936476637, 2510.1660475477556, 3056.7590938601743, 1814.3652814157706, 763.6513132086993, 1844.877945467371, 978.9486902078474, 1448.8854391237383 ],
  "publishLatency50pct" : [ 2091.063, 3973.951, 1462.511, 248.108, 2194.671, 2678.607, 3046.511, 3327.839, 911.195, 1612.847, 637.151, 1008.415, 2956.639, 2172.335, 2501.391, 93.569, 394.267, 274.747, 667.811, 2225.071, 2940.767, 2565.199, 3014.687, 1411.551, 948.775, 1803.343, 394.909, 1397.071 ],
  "publishLatency75pct" : [ 2498.079, 6677.951, 6725.375, 986.743, 3484.959, 3023.343, 3240.735, 3687.679, 1265.263, 2220.863, 1095.607, 1517.831, 4044.079, 2447.375, 3367.903, 315.753, 717.759, 808.903, 823.243, 2752.239, 4859.455, 2799.087, 3592.815, 3672.527, 1163.295, 2272.591, 1747.471, 1689.063 ],
  "publishLatency95pct" : [ 2962.959, 7447.743, 7539.615, 1363.935, 4132.847, 4197.471, 3639.983, 4118.031, 1911.103, 2749.119, 1707.959, 1946.983, 4589.983, 2725.535, 4041.279, 2199.023, 939.451, 1221.167, 976.867, 3800.543, 5993.631, 3086.991, 4070.111, 4216.319, 1395.511, 3446.799, 3271.887, 2082.263 ],
  "publishLatency99pct" : [ 3058.719, 7617.311, 7684.959, 1519.999, 4563.903, 4407.423, 3725.311, 4220.863, 2179.183, 2885.535, 1889.215, 2104.623, 4874.879, 3066.575, 4206.335, 2752.431, 988.939, 1319.423, 1133.463, 4432.831, 6202.015, 3286.655, 4299.679, 4408.159, 1514.215, 3567.871, 3478.783, 2147.759 ],
  "publishLatency999pct" : [ 3129.663, 7768.735, 7765.311, 1585.927, 4618.879, 4467.743, 3776.175, 4251.711, 2289.759, 2960.015, 1980.887, 2251.551, 5018.623, 3165.007, 4263.519, 2959.583, 1016.127, 1385.855, 1268.911, 4473.343, 6316.895, 3405.359, 4357.727, 4484.063, 1565.831, 3654.143, 3569.583, 2201.119 ],
  "publishLatency9999pct" : [ 3167.103, 7768.799, 7798.303, 1606.783, 4618.911, 4467.807, 3796.751, 4279.743, 2327.343, 2994.863, 2010.359, 2277.167, 5039.775, 3183.807, 4282.751, 3011.183, 1026.307, 1418.575, 1306.783, 4486.975, 6316.927, 3405.503, 4357.759, 4512.159, 1579.775, 3670.687, 3612.095, 2227.807 ],
  "publishLatencyMax" : [ 3171.215, 7911.071, 7819.039, 1610.327, 4692.127, 4586.783, 3800.687, 4322.111, 2332.735, 2998.831, 2014.631, 2279.967, 5126.431, 3187.743, 4286.207, 3217.551, 1029.395, 1422.087, 1310.887, 4494.559, 6440.031, 3514.863, 4433.823, 4515.295, 1583.639, 3675.503, 3618.175, 2231.343 ],
  "publishDelayLatencyAvg" : [ 625.334586301049, 132087.09320130257, 28686.985517359844, 1484.187212784688, 94957.24331351033, 89091.48719889858, 50246.89326620045, 156643.48394926044, 527.1842392295438, 378.6555147609771, 431.5836656676142, 529.7264940490376, 17483.19350267813, 637.1032332488111, 27972.442686534287, 387.46268710987215, 484.4957690943688, 322.67278322172194, 750.5988135717863, 1013.5729545846721, 75154.15929045543, 71371.597639385, 179114.23557340517, 370.17553972591827, 505.9182871543519, 585.5588011318547, 309.4441885303908, 631.4192139737992 ],
  "publishDelayLatency50pct" : [ 60, 62, 61, 60, 67, 62, 71, 23285, 60, 60, 60, 59, 60, 60, 60, 60, 60, 60, 59, 60, 60, 65, 40004, 60, 60, 60, 59, 60 ],
  "publishDelayLatency75pct" : [ 77, 5492, 139, 78, 105487, 2871, 15700, 316941, 72, 73, 74, 73, 73, 77, 78, 68, 74, 67, 75, 93, 191, 12028, 316511, 68, 75, 74, 66, 75 ],
  "publishDelayLatency95pct" : [ 3997, 877075, 42951, 3819, 625399, 673187, 332829, 514287, 3203, 2287, 2647, 3346, 87591, 3686, 169292, 1964, 3148, 1828, 3590, 5052, 785879, 464519, 636135, 2073, 3204, 3281, 1684, 3932 ],
  "publishDelayLatency99pct" : [ 8386, 1409983, 1449751, 37339, 710891, 864343, 473241, 593483, 8982, 6501, 6403, 8257, 510275, 10337, 826927, 7291, 7577, 5892, 12030, 14564, 1204959, 556591, 753503, 6542, 7802, 9762, 5769, 9121 ],
  "publishDelayLatency999pct" : [ 20193, 1497415, 1524015, 141044, 752187, 955247, 573575, 657731, 19686, 15501, 19495, 19042, 639171, 27588, 924691, 20336, 18126, 12657, 57345, 69731, 1329023, 607919, 809107, 18829, 16957, 33253, 12868, 27146 ],
  "publishDelayLatency9999pct" : [ 29824, 1511863, 1533031, 152499, 766703, 976835, 601491, 688031, 28481, 33099, 28800, 27123, 663411, 36084, 941667, 32224, 26634, 17240, 79549, 90324, 1366127, 624227, 825715, 34778, 27009, 46267, 18040, 47482 ],
  "publishDelayLatencyMax" : [ 32672, 1513471, 1534247, 154720, 770207, 981111, 604543, 692407, 30533, 37056, 30388, 31156, 667363, 38712, 945359, 752391, 29005, 20074, 83238, 92654, 1370215, 626831, 829267, 43474, 30333, 49709, 20318, 50391 ],
  "aggregatedPublishLatencyAvg" : 1834.991585609401,
  "aggregatedPublishLatency50pct" : 1657.367,
  "aggregatedPublishLatency75pct" : 2721.823,
  "aggregatedPublishLatency95pct" : 4151.775,
  "aggregatedPublishLatency99pct" : 6932.191,
  "aggregatedPublishLatency999pct" : 7608.831,
  "aggregatedPublishLatency9999pct" : 7763.807,
  "aggregatedPublishLatencyMax" : 7911.071,
  "aggregatedPublishDelayLatencyAvg" : 32136.127079430054,
  "aggregatedPublishDelayLatency50pct" : 60,
  "aggregatedPublishDelayLatency75pct" : 113,
  "aggregatedPublishDelayLatency95pct" : 261012,
  "aggregatedPublishDelayLatency99pct" : 666183,
  "aggregatedPublishDelayLatency999pct" : 1246447,
  "aggregatedPublishDelayLatency9999pct" : 1499135,
  "aggregatedPublishDelayLatencyMax" : 1534247,
  "aggregatedPublishLatencyQuantiles" : {"1.3738356571076555E-5" : 1.25, "0.5000899175437576" : 6.022},
  "aggregatedPublishDelayLatencyQuantiles" : {"0.04474042378360255" : 0},