#,"",Kafka-exactly-once,RabbitMQ,rate,producer/consumer,message_size,message_size_bytes,Kafka-mbps,RabbitMQ-mbps
1,0,1081.526385,1086.849344,1000,1,1.0KB,1024,1107483,1112934
2,1,1118.588764,1119.832525,1000,2,1.0KB,1024,1145435,1146709
3,2,1190.668421,1143.089136,1000,4,1.0KB,1024,1219244,1170523
4,3,1347.602635,1221.367381,1000,6,1.0KB,1024,1379945,1250680
5,4,1508.565499,1241.411492,1000,8,1.0KB,1024,1544771,1271205
