#,"",Kafka-exactly-once,RabbitMQ,rate,producer/consumer,message_size,message_size_bytes,Kafka-mbps,RabbitMQ-mbps
1,0,38275.146581,7505.247582,0,1,1.0KB,1024,39193750,7685374
2,1,34175.204644,8466.200427,0,2,1.0KB,1024,34995410,8669389
3,2,33983.127556,11107.204773,0,4,1.0KB,1024,34798723,11373778
4,3,36431.327598,11599.460493,0,6,1.0KB,1024,37305679,11877848
